{
  "task_name": "predict_s_aureus_from_same_first_gp_alert_episode_enriched",
  "clinical_question": "At the first Gram-positive alert, can added process and prior staph-history features improve prediction of whether that same episode finalizes as S. aureus?",
  "added_feature_blocks": [
    "index draw-to-alert time",
    "pre-alert blood-culture draw counts",
    "prior subject S. aureus / CoNS / staphylococcal blood-culture history"
  ],
  "cohorts": {
    "primary_urgent_single_organism": {
      "cohort_name": "primary_urgent_single_organism",
      "cohort_description": "single-organism first Gram-positive alerts, urgent or emergency admissions only",
      "feature_set_name": "PRIMARY_PLUS_PROCESS_AND_STAPH_HISTORY",
      "feature_count": 54,
      "cohort": {
        "rows": 3877,
        "unique_patients": 3588,
        "unique_admissions": 3877,
        "positive_rows": 1021,
        "positive_prevalence": 0.26334794944544754,
        "icu_rate": 0.2130513283466598
      },
      "models": {
        "logistic_regression": {
          "validation": {
            "threshold": 0.5399999999999999,
            "f1": 0.5791044776119403,
            "precision": 0.5388888888888889,
            "recall": 0.6258064516129033,
            "accuracy": 0.7564766839378239,
            "auroc": 0.7664637857577601,
            "auprc": 0.6554267794617866,
            "brier": 0.18346045269459527,
            "tp": 97,
            "tn": 341,
            "fp": 83,
            "fn": 58,
            "positives": 155,
            "negatives": 424,
            "best_f1_scan": 0.5791044776119403
          },
          "test": {
            "threshold": 0.5399999999999999,
            "f1": 0.588957055214724,
            "precision": 0.5517241379310345,
            "recall": 0.631578947368421,
            "accuracy": 0.7681660899653979,
            "auroc": 0.8071102050901903,
            "auprc": 0.6572849832104191,
            "brier": 0.1711029852708925,
            "tp": 96,
            "tn": 348,
            "fp": 78,
            "fn": 56,
            "positives": 152,
            "negatives": 426
          }
        },
        "xgboost": {
          "validation": {
            "threshold": 0.4799999999999999,
            "f1": 0.5899705014749262,
            "precision": 0.5434782608695652,
            "recall": 0.6451612903225806,
            "accuracy": 0.7599309153713298,
            "auroc": 0.8023737066342057,
            "auprc": 0.674875116436959,
            "brier": 0.1619306422408543,
            "tp": 100,
            "tn": 340,
            "fp": 84,
            "fn": 55,
            "positives": 155,
            "negatives": 424,
            "best_f1_scan": 0.5899705014749262
          },
          "test": {
            "threshold": 0.4799999999999999,
            "f1": 0.6064139941690962,
            "precision": 0.5445026178010471,
            "recall": 0.6842105263157895,
            "accuracy": 0.7664359861591695,
            "auroc": 0.8166079812206573,
            "auprc": 0.7042444639529359,
            "brier": 0.15472377642321308,
            "tp": 104,
            "tn": 339,
            "fp": 87,
            "fn": 48,
            "positives": 152,
            "negatives": 426
          }
        }
      }
    },
    "sensitivity_all_single_organism": {
      "cohort_name": "sensitivity_all_single_organism",
      "cohort_description": "all single-organism first Gram-positive alerts",
      "feature_set_name": "PRIMARY_PLUS_PROCESS_AND_STAPH_HISTORY",
      "feature_count": 54,
      "cohort": {
        "rows": 5275,
        "unique_patients": 4802,
        "unique_admissions": 5275,
        "positive_rows": 1397,
        "positive_prevalence": 0.2648341232227488,
        "icu_rate": 0.19924170616113743
      },
      "models": {
        "logistic_regression": {
          "validation": {
            "threshold": 0.58,
            "f1": 0.5967741935483871,
            "precision": 0.6379310344827587,
            "recall": 0.5606060606060606,
            "accuracy": 0.8115577889447236,
            "auroc": 0.7931742170872607,
            "auprc": 0.6746249249958649,
            "brier": 0.1685488072597953,
            "tp": 111,
            "tn": 535,
            "fp": 63,
            "fn": 87,
            "positives": 198,
            "negatives": 598,
            "best_f1_scan": 0.5967741935483871
          },
          "test": {
            "threshold": 0.58,
            "f1": 0.5654205607476636,
            "precision": 0.605,
            "recall": 0.5307017543859649,
            "accuracy": 0.7624521072796935,
            "auroc": 0.7612375533428165,
            "auprc": 0.6437344052655124,
            "brier": 0.1881539265810771,
            "tp": 121,
            "tn": 476,
            "fp": 79,
            "fn": 107,
            "positives": 228,
            "negatives": 555
          }
        },
        "xgboost": {
          "validation": {
            "threshold": 0.6,
            "f1": 0.6170212765957447,
            "precision": 0.651685393258427,
            "recall": 0.5858585858585859,
            "accuracy": 0.8190954773869347,
            "auroc": 0.8064085672781325,
            "auprc": 0.691028383784281,
            "brier": 0.15097631074693216,
            "tp": 116,
            "tn": 536,
            "fp": 62,
            "fn": 82,
            "positives": 198,
            "negatives": 598,
            "best_f1_scan": 0.6170212765957447
          },
          "test": {
            "threshold": 0.6,
            "f1": 0.631578947368421,
            "precision": 0.6947368421052632,
            "recall": 0.5789473684210527,
            "accuracy": 0.8033205619412516,
            "auroc": 0.8112296507033349,
            "auprc": 0.7169601794495227,
            "brier": 0.1553589916910013,
            "tp": 132,
            "tn": 497,
            "fp": 58,
            "fn": 96,
            "positives": 228,
            "negatives": 555
          }
        }
      }
    }
  },
  "files": {
    "primary_features_csv": "/nfs/users/nfs_d/ds39/dosage_prediction/artifacts/blood_culture/s_aureus_same_episode_primary_urgent_enriched_features.csv",
    "sensitivity_features_csv": "/nfs/users/nfs_d/ds39/dosage_prediction/artifacts/blood_culture/s_aureus_same_episode_single_org_enriched_features.csv"
  }
}