{
  "task_name": "predict_later_confirmed_s_aureus_from_first_blood_culture_event",
  "clinical_question": "Using the first 24 hours or 18 hours of clinical data after the first blood-culture event, can we predict which admissions later have confirmed Staphylococcus aureus bacteremia?",
  "cohort_definition": {
    "unit": "first blood-culture event per admission",
    "anchor_time": "earliest BLOOD CULTURE specimen_draw_time within the admission",
    "label": "any later-confirmed S. aureus bacteremia within the same admission",
    "eligibility": {
      "24h": "discharge at least 24h after anchor",
      "18h": "discharge at least 18h after anchor"
    }
  },
  "cohort_rows_total": 92229,
  "windows": {
    "24h": {
      "cohort": {
        "rows": 87436,
        "unique_patients": 55472,
        "unique_admissions": 87436,
        "positive_rows": 1448,
        "positive_prevalence": 0.016560684386293975,
        "train_rows": 61423,
        "val_rows": 12949,
        "test_rows": 13064,
        "train_positive": 1010,
        "val_positive": 221,
        "test_positive": 217
      },
      "models": {
        "logistic_regression": {
          "validation": {
            "threshold": 0.8499999999999999,
            "f1": 0.09859154929577464,
            "precision": 0.1024390243902439,
            "recall": 0.09502262443438914,
            "accuracy": 0.9703452004015755,
            "auroc": 0.697318201080171,
            "auprc": 0.05380472960195934,
            "brier": 0.2043310654732112,
            "tp": 21,
            "tn": 12544,
            "fp": 184,
            "fn": 200,
            "positives": 221,
            "negatives": 12728,
            "best_f1_scan": 0.09859154929577464
          },
          "test": {
            "threshold": 0.8499999999999999,
            "f1": 0.0683371298405467,
            "precision": 0.06756756756756757,
            "recall": 0.06912442396313365,
            "accuracy": 0.968692590324556,
            "auroc": 0.7337652391725515,
            "auprc": 0.049446735055338725,
            "brier": 0.20942200736337285,
            "tp": 15,
            "tn": 12640,
            "fp": 207,
            "fn": 202,
            "positives": 217,
            "negatives": 12847
          }
        },
        "xgboost": {
          "validation": {
            "threshold": 0.59,
            "f1": 0.10649161196207148,
            "precision": 0.06347826086956522,
            "recall": 0.33031674208144796,
            "accuracy": 0.9053981002394007,
            "auroc": 0.7011203432202064,
            "auprc": 0.04990528450737009,
            "brier": 0.13598263171752878,
            "tp": 73,
            "tn": 11651,
            "fp": 1077,
            "fn": 148,
            "positives": 221,
            "negatives": 12728,
            "best_f1_scan": 0.10649161196207148
          },
          "test": {
            "threshold": 0.59,
            "f1": 0.09517426273458444,
            "precision": 0.05568627450980392,
            "recall": 0.3271889400921659,
            "accuracy": 0.8966625842008573,
            "auroc": 0.7055411814122898,
            "auprc": 0.061881607412064214,
            "brier": 0.13843112314062678,
            "tp": 71,
            "tn": 11643,
            "fp": 1204,
            "fn": 146,
            "positives": 217,
            "negatives": 12847
          }
        }
      },
      "feature_count": 87,
      "files": {
        "features_csv": "/nfs/users/nfs_d/ds39/dosage_prediction/artifacts/blood_culture/s_aureus_first_blood_culture_24h_features.csv"
      }
    },
    "18h": {
      "cohort": {
        "rows": 89177,
        "unique_patients": 56350,
        "unique_admissions": 89177,
        "positive_rows": 1456,
        "positive_prevalence": 0.016327079852428317,
        "train_rows": 62572,
        "val_rows": 13347,
        "test_rows": 13258,
        "train_positive": 1039,
        "val_positive": 202,
        "test_positive": 215
      },
      "models": {
        "logistic_regression": {
          "validation": {
            "threshold": 0.8499999999999999,
            "f1": 0.14130434782608695,
            "precision": 0.1566265060240964,
            "recall": 0.12871287128712872,
            "accuracy": 0.9763242676256837,
            "auroc": 0.7135702691608073,
            "auprc": 0.05375322346608295,
            "brier": 0.21554601403440526,
            "tp": 26,
            "tn": 13005,
            "fp": 140,
            "fn": 176,
            "positives": 202,
            "negatives": 13145,
            "best_f1_scan": 0.14130434782608695
          },
          "test": {
            "threshold": 0.8499999999999999,
            "f1": 0.05597964376590331,
            "precision": 0.06179775280898876,
            "recall": 0.05116279069767442,
            "accuracy": 0.9720168954593453,
            "auroc": 0.7025224258222802,
            "auprc": 0.0384603202262117,
            "brier": 0.2146518490060004,
            "tp": 11,
            "tn": 12876,
            "fp": 167,
            "fn": 204,
            "positives": 215,
            "negatives": 13043
          }
        },
        "xgboost": {
          "validation": {
            "threshold": 0.6699999999999999,
            "f1": 0.11316397228637413,
            "precision": 0.07379518072289157,
            "recall": 0.24257425742574257,
            "accuracy": 0.9424589795459654,
            "auroc": 0.6775719412945479,
            "auprc": 0.0481186563042874,
            "brier": 0.14523103351291997,
            "tp": 49,
            "tn": 12530,
            "fp": 615,
            "fn": 153,
            "positives": 202,
            "negatives": 13145,
            "best_f1_scan": 0.11316397228637413
          },
          "test": {
            "threshold": 0.6699999999999999,
            "f1": 0.11738148984198646,
            "precision": 0.07749627421758569,
            "recall": 0.24186046511627907,
            "accuracy": 0.9410167446070297,
            "auroc": 0.6887686346949,
            "auprc": 0.05900888573541935,
            "brier": 0.14266894423932922,
            "tp": 52,
            "tn": 12424,
            "fp": 619,
            "fn": 163,
            "positives": 215,
            "negatives": 13043
          }
        }
      },
      "feature_count": 87,